<?xml version="1.0" encoding="UTF-8"?>
<!DOCTYPE mapper
        PUBLIC "-//mybatis.org//DTD Mapper 3.0//EN"
        "http://mybatis.org/dtd/mybatis-3-mapper.dtd">
<mapper namespace="com.intelli5.platform.Mapper.DatasetMapper">

    <resultMap id="BaseResultMap" type="com.intelli5.platform.Model.domain.entity.Dataset">
            <id property="id" column="id" jdbcType="INTEGER"/>
            <result property="datasetName" column="datasetName" jdbcType="VARCHAR"/>
            <result property="datasetAddress" column="datasetAddress" jdbcType="VARCHAR"/>
            <result property="jobId" column="jobId" jdbcType="INTEGER"/>
            <result property="deviceId" column="deviceId" jdbcType="INTEGER"/>
            <result property="userId" column="userId" jdbcType="INTEGER"/>
            <result property="deviceIP" column="deviceIP" jdbcType="VARCHAR"/>
            <result property="devicePort" column="devicePort" jdbcType="VARCHAR"/>
            <result property="supportJob" column="supportJob" jdbcType="VARCHAR"/>
    </resultMap>

    <sql id="Base_Column_List">
        id,datasetName,datasetAddress,
        jobId,deviceId,userId,
        deviceIP,devicePort,supportJob
    </sql>
</mapper>
