<?xml version="1.0" encoding="UTF-8"?>
<!DOCTYPE mapper
        PUBLIC "-//mybatis.org//DTD Mapper 3.0//EN"
        "http://mybatis.org/dtd/mybatis-3-mapper.dtd">
<mapper namespace="com.intelli5.platform.Mapper.DeviceMapper">

    <resultMap id="BaseResultMap" type="com.intelli5.platform.Model.domain.entity.Device">
            <id property="id" column="id" jdbcType="INTEGER"/>
            <result property="deviceIP" column="deviceIP" jdbcType="VARCHAR"/>
            <result property="devicePort" column="devicePort" jdbcType="VARCHAR"/>
            <result property="deviceName" column="deviceName" jdbcType="VARCHAR"/>
            <result property="deviceNumber" column="deviceNumber" jdbcType="VARCHAR"/>
            <result property="deviceStatus" column="deviceStatus" jdbcType="VARCHAR"/>
            <result property="userId" column="userId" jdbcType="INTEGER"/>
    </resultMap>

    <sql id="Base_Column_List">
        id,deviceIP,devicePort,
        deviceName,deviceNumber,deviceStatus,
        userId
    </sql>
</mapper>
