<?xml version="1.0" encoding="UTF-8"?>
<!DOCTYPE mapper
        PUBLIC "-//mybatis.org//DTD Mapper 3.0//EN"
        "http://mybatis.org/dtd/mybatis-3-mapper.dtd">
<mapper namespace="com.intelli5.platform.Mapper.JobMapper">

    <resultMap id="BaseResultMap" type="com.intelli5.platform.Model.domain.entity.Job">
            <id property="id" column="id" jdbcType="INTEGER"/>
            <result property="jobName" column="jobName" jdbcType="VARCHAR"/>
            <result property="jobDescription" column="jobDescription" jdbcType="VARCHAR"/>
            <result property="jobType" column="jobType" jdbcType="VARCHAR"/>
            <result property="jobTypeDescription" column="JobTypeDescription" jdbcType="VARCHAR"/>
            <result property="datasetId" column="datasetId" jdbcType="INTEGER"/>
            <result property="jobDatasetDescription" column="jobDatasetDescription" jdbcType="VARCHAR"/>
            <result property="modelId" column="modelId" jdbcType="INTEGER"/>
            <result property="budget" column="budget" jdbcType="VARCHAR"/>
            <result property="modelDeployStrategy" column="modelDeployStrategy" jdbcType="VARCHAR"/>
            <result property="jobSafetyStrategy" column="jobSafetyStrategy" jdbcType="VARCHAR"/>
            <result property="userId" column="userId" jdbcType="INTEGER"/>
            <result property="jobModelName" column="jobModelName" jdbcType="VARCHAR"/>
            <result property="jobSName" column="jobSName" jdbcType="VARCHAR"/>
            <result property="jobUsername" column="jobUsername" jdbcType="VARCHAR"/>
    </resultMap>

    <sql id="Base_Column_List">
        id,jobName,jobDescription,
        jobType,jobTypeDescription,datasetId,
        jobDatasetDescription,modelId,budget,
        modelDeployStrategy,jobSafetyStrategy,userId,
        jobModelName,jobSName,jobUsername
    </sql>
</mapper>
