<?xml version="1.0" encoding="UTF-8"?>
<!DOCTYPE mapper
        PUBLIC "-//mybatis.org//DTD Mapper 3.0//EN"
        "http://mybatis.org/dtd/mybatis-3-mapper.dtd">
<mapper namespace="com.intelli5.platform.Mapper.ModelMapper">

    <resultMap id="BaseResultMap" type="com.intelli5.platform.Model.domain.entity.Model">
            <id property="id" column="id" jdbcType="INTEGER"/>
            <result property="modelName" column="modelName" jdbcType="VARCHAR"/>
            <result property="modelFile" column="modelFile" jdbcType="VARCHAR"/>
            <result property="encryptAlgorithm" column="encryptAlgorithm" jdbcType="VARCHAR"/>
            <result property="userId" column="userId" jdbcType="INTEGER"/>
    </resultMap>

    <sql id="Base_Column_List">
        id,modelName,modelFile,
        encryptAlgorithm,userId
    </sql>
</mapper>
