<?xml version="1.0" encoding="UTF-8"?>
<!DOCTYPE mapper
        PUBLIC "-//mybatis.org//DTD Mapper 3.0//EN"
        "http://mybatis.org/dtd/mybatis-3-mapper.dtd">
<mapper namespace="com.intelli5.platform.Mapper.UserMapper">

    <resultMap id="BaseResultMap" type="com.intelli5.platform.Model.domain.entity.User">
            <id property="id" column="id" jdbcType="INTEGER"/>
            <result property="username" column="username" jdbcType="VARCHAR"/>
            <result property="passwd" column="passwd" jdbcType="VARCHAR"/>
            <result property="phone" column="phone" jdbcType="VARCHAR"/>
            <result property="email" column="email" jdbcType="VARCHAR"/>
            <result property="company" column="company" jdbcType="VARCHAR"/>
            <result property="checkPassword" column="checkPassword" jdbcType="VARCHAR"/>
    </resultMap>

    <sql id="Base_Column_List">
        id,username,passwd,
        phone,email,company,
        checkPassword
    </sql>
</mapper>
